seed,axis,contrast,overall_slope,extraversion_slope,neuroticism_slope,interaction_slope,overall_r5_minus_r1,extraversion_r5_minus_r1,neuroticism_r5_minus_r1,interaction_r5_minus_r1
3001,joyful,neutral_minus_feedback_only,-0.0009198931356271109,3.963808218638106e-05,-8.332555492719006e-05,7.038364807764681e-05,-0.0031534011165301004,0.0006985316673914594,-0.0004577338695526121,0.0003090004126230874
3002,joyful,neutral_minus_feedback_only,-0.0009198931356271109,3.963808218638106e-05,-8.332555492719006e-05,7.038364807764681e-05,-0.0031534011165301004,0.0006985316673914594,-0.0004577338695526121,0.0003090004126230874
3003,joyful,neutral_minus_feedback_only,-0.001938876323401928,2.2709245483080467e-05,-5.7536736130714395e-05,8.464579780896489e-05,-0.007084075982371966,0.000620289395252863,-0.0002915225923061375,0.00028285632530848214
3004,joyful,neutral_minus_feedback_only,-0.00030050234248240796,-0.0006975443412860236,3.1677385171248874e-07,0.0010077821711699168,-0.0016542238493760428,-0.0023746564984321594,-0.0003424187501271565,0.004279474417368571
3005,joyful,neutral_minus_feedback_only,-0.0009198931356271109,3.963808218638106e-05,-8.332555492719006e-05,7.038364807764681e-05,-0.0031534011165301004,0.0006985316673914594,-0.0004577338695526121,0.0003090004126230874
3006,joyful,neutral_minus_feedback_only,0.0006500223030646642,0.0001385107636451721,-0.00016665607690811155,6.553481022516887e-05,0.0043877121061086655,0.0007477713127930952,-0.0007222530742486319,0.0003460471828778582
3007,joyful,neutral_minus_feedback_only,-0.0010516072933872541,-0.0002237902333339056,6.340319911638979e-06,0.0002497153977553049,-0.0037650614976882935,-0.000524789094924927,-4.551062981287602e-05,0.0011334468921025587
3008,joyful,neutral_minus_feedback_only,-0.000928414985537529,3.159791231155439e-06,9.961873292922978e-05,2.06679105758667e-05,-0.0031960103660821915,0.0005161402126153312,0.0004569875697294872,6.042172511418675e-05
3009,joyful,neutral_minus_feedback_only,-0.0009532024463017781,8.091603716214488e-05,3.518437345822643e-05,8.787413438161233e-05,-0.004825330649813016,0.000588872780402502,0.00010904048879941362,0.0003732368350028983
3010,joyful,neutral_minus_feedback_only,-0.0004714170470833778,-3.562259177366858e-05,-9.938093523184516e-05,-1.9264469544092258e-05,-0.002485028157631556,-0.00012048582235972094,-0.0003724570075670879,2.2470951080321832e-05
3001,joyful,supportive_minus_neutral,0.0024330444633960725,-0.00016830687721570352,0.0002392674485842388,-1.9100805123646765e-05,0.008045483380556107,-0.0012636010845502223,0.0012471179167429592,-0.0001226961612701416
3002,joyful,supportive_minus_neutral,0.0024330444633960725,-0.00016830687721570352,0.0002392674485842388,-1.9100805123646765e-05,0.008045483380556107,-0.0012636010845502223,0.0012471179167429592,-0.0001226961612701416
3003,joyful,supportive_minus_neutral,0.002333764669795831,-6.878140072027854e-05,0.0001703988760709764,-7.52285122871451e-06,0.007754964133103688,-0.0007468586166699733,0.0008034606774648036,5.9450666109721155e-05
3004,joyful,supportive_minus_neutral,0.0008494602516293526,-1.87469025452944e-06,7.15023527542751e-05,-0.001086772233247757,0.0013704958061377206,0.00026214122772216786,0.0007877200841903685,-0.00474695861339569
3005,joyful,supportive_minus_neutral,0.0024330444633960725,-0.00016830687721570352,0.0002392674485842388,-1.9100805123646765e-05,0.008045483380556107,-0.0012636010845502223,0.0012471179167429592,-0.0001226961612701416
3006,joyful,supportive_minus_neutral,0.0010702285915613174,-0.0001410742600758872,0.0002341439326604207,2.3861229419708295e-05,0.0021403046945730844,-0.0008565311630566914,0.0010691806674003603,9.474654992421483e-05
3007,joyful,supportive_minus_neutral,0.0023702485486865044,-0.00029389870663483974,0.0003556558241446812,0.00021367594599723799,0.007802262281378111,-0.0017500432829062147,0.0017374667028586073,0.000858001410961152
3008,joyful,supportive_minus_neutral,0.0018150075028340023,-6.35335842768352e-05,4.763926068941746e-05,-7.712841033935417e-06,0.004955298577745755,-0.0007397346198558812,0.0002889769772688542,-6.575634082158378e-05
3009,joyful,supportive_minus_neutral,0.003033381700515747,-0.00013791968425114925,0.0001451569298903145,-5.34082452456155e-05,0.011192046726743381,-0.0008175211648146306,0.0007243491709232339,-0.0002885982394218445
3010,joyful,supportive_minus_neutral,0.0006815778091549872,3.155879676341978e-05,0.0001372971882422769,-3.857389092445343e-05,0.001591688022017479,0.000160673012336095,0.0005458183586597443,-0.00017320861419041966
3001,joyful,supportive_minus_feedback_only,0.0015131513277689616,-0.0001286687950293224,0.00015594189365704847,5.128284295399994e-05,0.004892082264026006,-0.0005650694171587625,0.0007893840471903477,0.00018630425135294625
3002,joyful,supportive_minus_feedback_only,0.0015131513277689616,-0.0001286687950293224,0.00015594189365704847,5.128284295399994e-05,0.004892082264026006,-0.0005650694171587625,0.0007893840471903477,0.00018630425135294625
3003,joyful,supportive_minus_feedback_only,0.00039488834639390307,-4.607215523719791e-05,0.0001128621399402618,7.712294658025103e-05,0.0006708881507317225,-0.00012656922141710914,0.0005119380851586661,0.00034230699141820265
3004,joyful,supportive_minus_feedback_only,0.0005489579091469447,-0.0006994190315405528,7.181912660598756e-05,-7.899006207784008e-05,-0.00028372804323832196,-0.0021125152707099915,0.00044530133406321204,-0.00046748419602711994
3005,joyful,supportive_minus_feedback_only,0.0015131513277689616,-0.0001286687950293224,0.00015594189365704847,5.128284295399994e-05,0.004892082264026006,-0.0005650694171587625,0.0007893840471903477,0.00018630425135294625
3006,joyful,supportive_minus_feedback_only,0.0017202508946259816,-2.563496430714918e-06,6.748785575230926e-05,8.939603964487684e-05,0.00652801680068175,-0.00010875985026359515,0.00034692759315172817,0.00044079373280207345
3007,joyful,supportive_minus_feedback_only,0.0013186412552992502,-0.000517688939968745,0.0003619961440563203,0.0004633913437525432,0.0040372007836898165,-0.002274832377831141,0.0016919560730457306,0.0019914483030637102
3008,joyful,supportive_minus_feedback_only,0.0008865925172964732,-6.03737930456797e-05,0.0001472579936186473,1.2955069541931174e-05,0.001759288211663564,-0.0002235944072405498,0.000745964546998342,-5.334615707397678e-06
3009,joyful,supportive_minus_feedback_only,0.002080179254213969,-5.700364708900469e-05,0.00018034130334854126,3.4465889135996616e-05,0.006366716076930364,-0.0002286483844121303,0.0008333896597226462,8.463859558105382e-05
3010,joyful,supportive_minus_feedback_only,0.00021016076207160933,-4.0637950102487866e-06,3.791625301043169e-05,-5.7838360468545825e-05,-0.0008933401356140772,4.018718997637438e-05,0.00017336135109265644,-0.00015073766311009729
3001,grief_stricken,neutral_minus_feedback_only,-0.002311905100941658,-0.00018670683105786665,1.8683820962905537e-05,-4.5199692249298356e-05,-0.008365689466396967,-0.00106012572844823,0.0001510108510653172,-0.00011087954044342214
3002,grief_stricken,neutral_minus_feedback_only,-0.002311905100941658,-0.00018670683105786665,1.8683820962905537e-05,-4.5199692249298356e-05,-0.008365689466396967,-0.00106012572844823,0.0001510108510653172,-0.00011087954044342214
3003,grief_stricken,neutral_minus_feedback_only,-0.002057450637221336,-0.00023618315656979906,6.671622395515464e-05,6.0841441154478246e-06,-0.00774609794219335,-0.001176531116167705,0.00026133656501769976,3.63985697428397e-05
3004,grief_stricken,neutral_minus_feedback_only,-0.002201525370279948,0.00013121863206227579,5.736947059631348e-06,-0.00017300049463907837,-0.007338157544533412,-0.000661614040533701,0.0002687896291414891,-0.0006230225165685015
3005,grief_stricken,neutral_minus_feedback_only,-0.002311905100941658,-0.00018670683105786665,1.8683820962905537e-05,-4.5199692249298356e-05,-0.008365689466396967,-0.00106012572844823,0.0001510108510653172,-0.00011087954044342214
3006,grief_stricken,neutral_minus_feedback_only,-0.0017171726872523625,-0.0002938471734523773,6.497477491696684e-05,-7.13730851809181e-05,-0.0047116925319035845,-0.0013887683550516763,0.0003479868173599243,-0.0002393623193105059
3007,grief_stricken,neutral_minus_feedback_only,-0.002144434054692586,0.00014823526144027745,-9.284615516662624e-05,-0.0002682596445083619,-0.007516377915938696,0.0006384973724683136,-0.00041329612334569266,-0.001239493489265442
3008,grief_stricken,neutral_minus_feedback_only,-0.0008413186917702357,-0.0001432505746682484,0.00010969862341880787,-0.00012130389610926309,-0.001012757420539856,-0.0008428444465001426,0.0006060848633448283,-0.0004914005597432455
3009,grief_stricken,neutral_minus_feedback_only,-0.0017069642742474874,-0.00017810414234797163,9.822001059850048e-05,-8.37167104085284e-05,-0.006316268195708593,-0.0009020393093427015,0.00048204014698664376,-0.0003595302502314244
3010,grief_stricken,neutral_minus_feedback_only,-0.0016318091501792273,-0.00012061173717180902,-5.274737874666848e-05,-4.9462417761484594e-05,-0.006771209339300791,-0.0005365908145904537,-0.00013248622417449908,-0.00017340977986653704
3001,grief_stricken,supportive_minus_neutral,0.0007444349428017934,0.0001592958966890971,-2.7368466059367043e-06,1.991391181945803e-05,0.0007764548063278198,0.0009421060482660931,-0.00013214349746704104,-5.3276618321736744e-05
3002,grief_stricken,supportive_minus_neutral,0.0007444349428017934,0.0001592958966890971,-2.7368466059367043e-06,1.991391181945803e-05,0.0007764548063278198,0.0009421060482660931,-0.00013214349746704104,-5.3276618321736744e-05
3003,grief_stricken,supportive_minus_neutral,0.0007311967511971792,0.00012924472490946458,2.7049581209818573e-05,-1.485149065653447e-06,0.001567984620730082,0.0008008231719334917,-3.725787003835035e-05,2.344449361165509e-06
3004,grief_stricken,supportive_minus_neutral,0.0013007968664169312,0.00047418574492136636,9.272396564483651e-05,0.0003484765688578288,0.0030233263969421387,0.0014472057422002156,0.00019146998723347996,0.0014177064100901284
3005,grief_stricken,supportive_minus_neutral,0.0007444349428017934,0.0001592958966890971,-2.7368466059367043e-06,1.991391181945803e-05,0.0007764548063278198,0.0009421060482660931,-0.00013214349746704104,-5.3276618321736744e-05
3006,grief_stricken,supportive_minus_neutral,0.002108035609126091,0.00021391386787096589,-6.841793656349134e-05,4.865080118179356e-05,0.006708250691493352,0.0011477793256441742,-0.00045162687699000026,0.00022675096988677892
3007,grief_stricken,supportive_minus_neutral,0.0007610039164622624,0.00019243384401003508,-6.885205705960584e-05,-0.00011231650908788036,0.0009146320323149363,0.0012184605002403257,-0.0005202020208040872,-0.0008293936649958291
3008,grief_stricken,supportive_minus_neutral,0.000671914964914322,6.020019451777114e-05,2.6734670003255234e-05,3.061890602111788e-05,0.0004138549168904623,0.00044662753740946464,1.5214085578918498e-05,2.483526865641457e-07
3009,grief_stricken,supportive_minus_neutral,0.0003253680964310964,0.00013757993777592975,-7.347762584686277e-05,1.4777978261311907e-05,-0.0020774553219477334,0.0007959355910619099,-0.00045210619767506953,0.00011450052261352539
3010,grief_stricken,supportive_minus_neutral,0.0005071761707464854,0.00010862996180852251,3.9710104465484614e-05,1.3758738835652489e-06,0.0016789572934309642,0.0004562363028526303,0.00018009295066197728,2.5118390719095938e-05
3001,grief_stricken,supportive_minus_feedback_only,-0.0015674701581398645,-2.7410934368769487e-05,1.5946974356969212e-05,-2.528578042984e-05,-0.007589234660069148,-0.0001180196801821385,1.8867353598276196e-05,-0.00016415615876515677
3002,grief_stricken,supportive_minus_feedback_only,-0.0015674701581398645,-2.7410934368769487e-05,1.5946974356969212e-05,-2.528578042984e-05,-0.007589234660069148,-0.0001180196801821385,1.8867353598276196e-05,-0.00016415615876515677
3003,grief_stricken,supportive_minus_feedback_only,-0.0013262538860241571,-0.0001069384316603341,9.376580516497299e-05,4.598995049794486e-06,-0.006178113321463267,-0.0003757079442342128,0.0002240786949793492,3.8743019104004774e-05
3004,grief_stricken,supportive_minus_feedback_only,-0.0009007285038630168,0.0006054043769836425,9.846091270446775e-05,0.00017547607421875,-0.004314831147591273,0.0007855917016665135,0.00046025961637497035,0.0007946838935216265
3005,grief_stricken,supportive_minus_feedback_only,-0.0015674701581398645,-2.7410934368769487e-05,1.5946974356969212e-05,-2.528578042984e-05,-0.007589234660069148,-0.0001180196801821385,1.8867353598276196e-05,-0.00016415615876515677
3006,grief_stricken,supportive_minus_feedback_only,0.00039086292187372835,-7.993330558141124e-05,-3.443161646524671e-06,-2.2722283999124758e-05,0.0019965581595897675,-0.00024098902940750122,-0.00010364005963007638,-1.2611349423726544e-05
3007,grief_stricken,supportive_minus_feedback_only,-0.0013834301382303238,0.00034066910545031215,-0.00016169821222623186,-0.00038057615359624215,-0.006601745883623759,0.0018569578727086387,-0.0009334981441497803,-0.0020688871542612714
3008,grief_stricken,supportive_minus_feedback_only,-0.0001694037268559138,-8.305038015047718e-05,0.0001364332934220631,-9.068499008814529e-05,-0.0005989025036493938,-0.0003962169090906779,0.0006212989489237468,-0.0004911522070566814
3009,grief_stricken,supportive_minus_feedback_only,-0.001381596177816391,-4.0524204572041714e-05,2.47423847516379e-05,-6.893873214721671e-05,-0.008393723517656326,-0.00010610371828079224,2.9933949311575746e-05,-0.00024502972761790073
3010,grief_stricken,supportive_minus_feedback_only,-0.001124632979432742,-1.1981775363286372e-05,-1.3037274281183951e-05,-4.80865438779194e-05,-0.005092252045869827,-8.035451173782349e-05,4.76067264874769e-05,-0.00014829138914744001
3001,furious,neutral_minus_feedback_only,0.0020486505702137945,0.00015253648161888149,-3.2112871607144905e-05,1.8947819868723754e-05,0.006300250068306923,0.0006774216890335083,-8.779391646385193e-05,0.00015339255332946777
3002,furious,neutral_minus_feedback_only,0.0020486505702137945,0.00015253648161888149,-3.2112871607144905e-05,1.8947819868723754e-05,0.006300250068306923,0.0006774216890335083,-8.779391646385193e-05,0.00015339255332946777
3003,furious,neutral_minus_feedback_only,0.0028587510188420612,0.00011655129492282846,-2.2126485904057792e-05,7.410620649655683e-05,0.005968771254022916,0.0004728237787882481,-0.00012034301956494707,0.00036588807900746634
3004,furious,neutral_minus_feedback_only,0.0010695834333697954,-7.75816539923355e-06,-1.2405465046564463e-05,6.137539943059322e-05,0.0011097450430194538,0.00010033138096332561,2.7190273006757245e-05,0.0003197354574998219
3005,furious,neutral_minus_feedback_only,0.0020486505702137945,0.00015253648161888149,-3.2112871607144905e-05,1.8947819868723754e-05,0.006300250068306923,0.0006774216890335083,-8.779391646385193e-05,0.00015339255332946777
3006,furious,neutral_minus_feedback_only,-0.00028645588705937075,2.347777287165325e-05,6.604902446269979e-05,-2.005348602930699e-05,-0.005318153804788987,0.0002740959947307906,0.0003355067844192181,-0.0001275086154540377
3007,furious,neutral_minus_feedback_only,0.0020023309625685215,5.989726632833498e-05,-6.64175798495599e-06,6.989004711310115e-05,0.0060473090658585225,0.0001715396841367083,5.744770169258074e-05,0.000443875789642334
3008,furious,neutral_minus_feedback_only,0.001174404906729857,0.00011662592490514127,-3.520684937636056e-05,3.4503142038981235e-05,0.0019290217508872352,0.0004978689054648083,-0.0001032638053099314,0.00023116916418075562
3009,furious,neutral_minus_feedback_only,0.0009562345221638681,9.895289937655156e-05,-0.00011899831394354525,8.787562449773126e-05,0.00288518766562144,0.0004926323890686037,-0.000510235627492269,0.00041262805461883545
3010,furious,neutral_minus_feedback_only,0.0026508983845512073,8.590941627820343e-05,-8.535136779149041e-06,8.443767825762468e-05,0.009250031473735968,0.0004488533983627958,-0.0001551986982425051,0.0003494955599308031
3001,furious,supportive_minus_neutral,-0.0013093440793454647,-6.788838654756544e-05,4.954356700181972e-05,-2.0865475138028217e-05,-0.0048521704350908594,-0.0003969551374514899,0.0002613322188456859,-7.574881116549203e-05
3002,furious,supportive_minus_neutral,-0.0013093440793454647,-6.788838654756544e-05,4.954356700181972e-05,-2.0865475138028217e-05,-0.0048521704350908594,-0.0003969551374514899,0.0002613322188456859,-7.574881116549203e-05
3003,furious,supportive_minus_neutral,-0.0015334112259248892,-1.9190025826295405e-05,4.5242470999558825e-05,-1.4262273907661655e-05,-0.004494990222156048,-0.00014418798188368552,0.00033904177447160013,-0.00011427327990531921
3004,furious,supportive_minus_neutral,-0.0007946324845155079,-0.00012036984165509534,8.304578562577571e-05,-4.4259180625279976e-05,-0.003073017423351606,-0.001121727128823598,0.0003501586616039274,-0.00032589336236317967
3005,furious,supportive_minus_neutral,-0.0013093440793454647,-6.788838654756544e-05,4.954356700181972e-05,-2.0865475138028217e-05,-0.0048521704350908594,-0.0003969551374514899,0.0002613322188456859,-7.574881116549203e-05
3006,furious,supportive_minus_neutral,-0.0008476851508021356,-2.1862611174583533e-05,6.450588504473527e-06,-4.637216528256751e-05,-0.0020166700705885887,-0.0003296739111344015,2.4103249112765175e-05,-0.00018563742438952114
3007,furious,supportive_minus_neutral,-0.001294847670942545,-3.8895569741725857e-05,5.637065817912419e-05,-7.21129278341906e-06,-0.004786514366666475,-0.00026564300060272173,0.00029990325371424386,1.3932585716247559e-06
3008,furious,supportive_minus_neutral,0.0007777866907417775,1.4207822581132246e-05,-4.529270033041687e-06,-3.863958021004996e-05,0.005583483415345351,1.3525908191999378e-05,-9.031966328620477e-06,-0.00016461933652559945
3009,furious,supportive_minus_neutral,-0.0011507829961677394,-7.580226908127455e-05,0.00015608053654432303,-5.7604163885113975e-06,-0.004404725196460883,-0.0003662525365749998,0.0007117471347252531,-2.6465704043706836e-05
3010,furious,supportive_minus_neutral,-0.0018792516862352689,-6.821254889170488e-06,3.8067499796548467e-06,-3.6573658386866974e-05,-0.007081476350625356,-1.4810512463251171e-05,9.944414099057573e-05,-0.0001540333032608041
3001,furious,supportive_minus_feedback_only,0.00073930649086833,8.464809507131567e-05,1.7430695394674814e-05,-1.91765526930468e-06,0.0014480796332160633,0.0002804665515820185,0.00017353830238183354,7.764374216397596e-05
3002,furious,supportive_minus_feedback_only,0.00073930649086833,8.464809507131567e-05,1.7430695394674814e-05,-1.91765526930468e-06,0.0014480796332160633,0.0002804665515820185,0.00017353830238183354,7.764374216397596e-05
3003,furious,supportive_minus_feedback_only,0.001325339792917172,9.736126909653338e-05,2.311598509550125e-05,5.9843932588895176e-05,0.0014737810318668685,0.000328635796904564,0.00021869875490665447,0.00025161479910214756
3004,furious,supportive_minus_feedback_only,0.0002749509488542875,-0.0001281280070543289,7.064032057921109e-05,1.7116218805313024e-05,-0.001963272380332152,-0.0010213957478602724,0.00037734893461068475,-6.157904863357544e-06
3005,furious,supportive_minus_feedback_only,0.00073930649086833,8.464809507131567e-05,1.7430695394674814e-05,-1.91765526930468e-06,0.0014480796332160633,0.0002804665515820185,0.00017353830238183354,7.764374216397596e-05
3006,furious,supportive_minus_feedback_only,-0.0011341410378615064,1.6151616970696376e-06,7.24996129671735e-05,-6.642565131187439e-05,-0.007334823875377576,-5.557791640361208e-05,0.00035961003353198384,-0.00031314603984356013
3007,furious,supportive_minus_feedback_only,0.0007074832916259766,2.1001696586608963e-05,4.972890019416809e-05,6.267875432968187e-05,0.0012607946991920471,-9.410331646601355e-05,0.0003573509554068248,0.00044526904821395863
3008,furious,supportive_minus_feedback_only,0.0019521915974716345,0.00013083374748627309,-3.9736119409402356e-05,-4.136438171068943e-06,0.007512505166232586,0.0005113948136568074,-0.00011229577163855307,6.654982765515703e-05
3009,furious,supportive_minus_feedback_only,-0.0001945484740038712,2.3150630295276902e-05,3.7082222600778e-05,8.211520810921975e-05,-0.0015195375308394432,0.00012637985249360395,0.00020151150723298383,0.00038616235057512926
3010,furious,supportive_minus_feedback_only,0.0007716466983159383,7.908816138903294e-05,-4.728386799494194e-06,4.786401987075771e-05,0.0021685551231106124,0.000434042885899544,-5.575455725193024e-05,0.00019546225666999839
