seed,quadrant,contrast,template_count,slope,r5_minus_r1
2001,high_e_high_n,neutral_minus_feedback_only,3,-0.0001328007783740759,-0.0004711673439790805
2001,high_e_low_n,neutral_minus_feedback_only,3,-0.0001466169642905395,-0.0005538547411561012
2001,low_e_high_n,neutral_minus_feedback_only,3,-5.8322120457887705e-05,0.00010051717981696129
2001,low_e_low_n,neutral_minus_feedback_only,3,-9.301117000480484e-05,-1.5112649028499922e-05
2002,high_e_high_n,neutral_minus_feedback_only,3,0.0006508767294387023,0.003267269271115462
2002,high_e_low_n,neutral_minus_feedback_only,3,0.00047165638146301107,0.0024326754113038382
2002,low_e_high_n,neutral_minus_feedback_only,3,0.0006019172879556815,0.003403069917112589
2002,low_e_low_n,neutral_minus_feedback_only,3,0.000737930741161108,0.003573840484023094
2003,high_e_high_n,neutral_minus_feedback_only,3,-0.0006469384611894688,-0.0019338038594772418
2003,high_e_low_n,neutral_minus_feedback_only,3,-0.0001466169642905395,-0.0005538547411561012
2003,low_e_high_n,neutral_minus_feedback_only,3,-0.0005471111120035252,-0.0012211132949839036
2003,low_e_low_n,neutral_minus_feedback_only,3,-9.301117000480484e-05,-1.5112649028499922e-05
2004,high_e_high_n,neutral_minus_feedback_only,3,-0.0007653161262472472,-0.000656432161728541
2004,high_e_low_n,neutral_minus_feedback_only,3,-0.0007404978619888425,-0.0005483698332682252
2004,low_e_high_n,neutral_minus_feedback_only,3,-0.0007083308262129624,-0.00038437840218345326
2004,low_e_low_n,neutral_minus_feedback_only,3,-0.0007721244667967159,-0.000518526416271925
2005,high_e_high_n,neutral_minus_feedback_only,3,0.001506898538597549,0.007852009662504619
2005,high_e_low_n,neutral_minus_feedback_only,3,0.001497297616636691,0.007798925619378376
2005,low_e_high_n,neutral_minus_feedback_only,3,0.0015626396440590422,0.008190097791763643
2005,low_e_low_n,neutral_minus_feedback_only,3,0.0016134544741362334,0.00832891114987433
2006,high_e_high_n,neutral_minus_feedback_only,3,-0.0001328007783740759,-0.0004711673439790805
2006,high_e_low_n,neutral_minus_feedback_only,3,-0.0001466169642905395,-0.0005538547411561012
2006,low_e_high_n,neutral_minus_feedback_only,3,-5.8322120457887705e-05,0.00010051717981696129
2006,low_e_low_n,neutral_minus_feedback_only,3,-9.301117000480484e-05,-1.5112649028499922e-05
2007,high_e_high_n,neutral_minus_feedback_only,3,-0.00026177787221968166,-0.0011776484704265993
2007,high_e_low_n,neutral_minus_feedback_only,3,-0.00022520404309034356,-0.000833469753464063
2007,low_e_high_n,neutral_minus_feedback_only,3,-5.8322120457887705e-05,0.00010051717981696129
2007,low_e_low_n,neutral_minus_feedback_only,3,-9.301117000480484e-05,-1.5112649028499922e-05
2008,high_e_high_n,neutral_minus_feedback_only,3,0.00047578314940134684,0.0018763537518680096
2008,high_e_low_n,neutral_minus_feedback_only,3,0.0005445358498642842,0.0022265997249633074
2008,low_e_high_n,neutral_minus_feedback_only,3,0.0003701817244291305,0.0023575921853383384
2008,low_e_low_n,neutral_minus_feedback_only,3,0.0003285635262727738,0.003321431732426087
2009,high_e_high_n,neutral_minus_feedback_only,3,9.42179467529058e-05,0.0007102162732432286
2009,high_e_low_n,neutral_minus_feedback_only,3,0.00022110100835561754,0.001398055503765742
2009,low_e_high_n,neutral_minus_feedback_only,3,3.383796041210495e-05,0.0005613175841669241
2009,low_e_low_n,neutral_minus_feedback_only,3,6.97078959395488e-05,0.0007984826806932688
2010,high_e_high_n,neutral_minus_feedback_only,3,-0.0005624308716505765,-0.0026407012871156135
2010,high_e_low_n,neutral_minus_feedback_only,3,-0.0014308041272064048,-0.007057459248850743
2010,low_e_high_n,neutral_minus_feedback_only,3,-5.8322120457887705e-05,0.00010051717981696129
2010,low_e_low_n,neutral_minus_feedback_only,3,-9.301117000480484e-05,-1.5112649028499922e-05
2001,high_e_high_n,supportive_minus_neutral,3,0.0009599525326242051,0.003344321701054772
2001,high_e_low_n,supportive_minus_neutral,3,0.0009690900022784869,0.0033943220041692257
2001,low_e_high_n,supportive_minus_neutral,3,0.0009696468710899355,0.0031722552763919034
2001,low_e_low_n,supportive_minus_neutral,3,0.0009661507327109574,0.0030784728781630597
2002,high_e_high_n,supportive_minus_neutral,3,0.000719666356841723,0.0018311191039780776
2002,high_e_low_n,supportive_minus_neutral,3,0.0008666870339463156,0.002382113287846247
2002,low_e_high_n,supportive_minus_neutral,3,0.0008558039243022601,0.0006126107958455881
2002,low_e_low_n,supportive_minus_neutral,3,0.000632909747461478,-4.6974203238884606e-05
2003,high_e_high_n,supportive_minus_neutral,3,0.001171733532100916,0.00385394599288702
2003,high_e_low_n,supportive_minus_neutral,3,0.0009690900022784869,0.0033943220041692257
2003,low_e_high_n,supportive_minus_neutral,3,0.0011835483213265738,0.003626451672365268
2003,low_e_low_n,supportive_minus_neutral,3,0.0009661507327109574,0.0030784728781630597
2004,high_e_high_n,supportive_minus_neutral,3,0.0011271235222617786,0.004082334693521261
2004,high_e_low_n,supportive_minus_neutral,3,0.0011005676506708067,0.0039712178986519575
2004,low_e_high_n,supportive_minus_neutral,3,0.001184455802043279,0.004193471589436133
2004,low_e_low_n,supportive_minus_neutral,3,0.0011399683387329181,0.003943814042334755
2005,high_e_high_n,supportive_minus_neutral,3,0.0007918555231299251,0.006413188656248773
2005,high_e_low_n,supportive_minus_neutral,3,0.0007497162946189444,0.006129148687856893
2005,low_e_high_n,supportive_minus_neutral,3,0.0007894129337122043,0.006437313975766301
2005,low_e_low_n,supportive_minus_neutral,3,0.0005487574730068445,0.004309721058234572
2006,high_e_high_n,supportive_minus_neutral,3,0.0009599525326242051,0.003344321701054772
2006,high_e_low_n,supportive_minus_neutral,3,0.0009690900022784869,0.0033943220041692257
2006,low_e_high_n,supportive_minus_neutral,3,0.0009696468710899355,0.0031722552763919034
2006,low_e_low_n,supportive_minus_neutral,3,0.0009661507327109574,0.0030784728781630597
2007,high_e_high_n,supportive_minus_neutral,3,0.0011689185940970976,0.004331933722520868
2007,high_e_low_n,supportive_minus_neutral,3,0.0011180675278107326,0.003853006133188804
2007,low_e_high_n,supportive_minus_neutral,3,0.0009696468710899355,0.0031722552763919034
2007,low_e_low_n,supportive_minus_neutral,3,0.0009661507327109574,0.0030784728781630597
2008,high_e_high_n,supportive_minus_neutral,3,1.1856947094202085e-05,-0.00030667226140697795
2008,high_e_low_n,supportive_minus_neutral,3,-6.767590530216683e-05,-0.0013273432074735563
2008,low_e_high_n,supportive_minus_neutral,3,8.056505272785828e-05,-0.00024275419612725577
2008,low_e_low_n,supportive_minus_neutral,3,0.0001264089408020177,-0.0006695366464555264
2009,high_e_high_n,supportive_minus_neutral,3,0.0010967310983687638,0.003863110595072309
2009,high_e_low_n,supportive_minus_neutral,3,0.0010276809334754944,0.0034010731615126133
2009,low_e_high_n,supportive_minus_neutral,3,0.0010402416189511617,0.0035252290156980357
2009,low_e_low_n,supportive_minus_neutral,3,0.0010237218036005895,0.003366328232611219
2010,high_e_high_n,supportive_minus_neutral,3,0.0004837550378094118,0.0009080051289250454
2010,high_e_low_n,supportive_minus_neutral,3,0.0009228889519969621,0.0031342084209124246
2010,low_e_high_n,supportive_minus_neutral,3,0.0009696468710899355,0.0031722552763919034
2010,low_e_low_n,supportive_minus_neutral,3,0.0009661507327109574,0.0030784728781630597
2001,high_e_high_n,supportive_minus_feedback_only,3,0.0008271517542501292,0.0028731543570756912
2001,high_e_low_n,supportive_minus_feedback_only,3,0.0008224730379879474,0.0028404672630131245
2001,low_e_high_n,supportive_minus_feedback_only,3,0.0009113247506320478,0.0032727724562088647
2001,low_e_low_n,supportive_minus_feedback_only,3,0.0008731395627061526,0.0030633602291345596
2002,high_e_high_n,supportive_minus_feedback_only,3,0.0013705430862804254,0.005098388375093539
2002,high_e_low_n,supportive_minus_feedback_only,3,0.0013383434154093266,0.0048147886991500854
2002,low_e_high_n,supportive_minus_feedback_only,3,0.0014577212122579416,0.004015680712958177
2002,low_e_low_n,supportive_minus_feedback_only,3,0.001370840488622586,0.0035268662807842097
2003,high_e_high_n,supportive_minus_feedback_only,3,0.0005247950709114472,0.0019201421334097783
2003,high_e_low_n,supportive_minus_feedback_only,3,0.0008224730379879474,0.0028404672630131245
2003,low_e_high_n,supportive_minus_feedback_only,3,0.0006364372093230486,0.0024053383773813644
2003,low_e_low_n,supportive_minus_feedback_only,3,0.0008731395627061526,0.0030633602291345596
2004,high_e_high_n,supportive_minus_feedback_only,3,0.00036180739601453135,0.0034259025317927203
2004,high_e_low_n,supportive_minus_feedback_only,3,0.0003600697886819641,0.0034228480653837323
2004,low_e_high_n,supportive_minus_feedback_only,3,0.00047612497583031664,0.0038090931872526803
2004,low_e_low_n,supportive_minus_feedback_only,3,0.0003678438719362023,0.0034252876260628304
2005,high_e_high_n,supportive_minus_feedback_only,3,0.0022987540617274743,0.014265198318753392
2005,high_e_low_n,supportive_minus_feedback_only,3,0.002247013911255635,0.013928074307235269
2005,low_e_high_n,supportive_minus_feedback_only,3,0.0023520525777712465,0.014627411767529944
2005,low_e_low_n,supportive_minus_feedback_only,3,0.0021622119471430778,0.012638632208108902
2006,high_e_high_n,supportive_minus_feedback_only,3,0.0008271517542501292,0.0028731543570756912
2006,high_e_low_n,supportive_minus_feedback_only,3,0.0008224730379879474,0.0028404672630131245
2006,low_e_high_n,supportive_minus_feedback_only,3,0.0009113247506320478,0.0032727724562088647
2006,low_e_low_n,supportive_minus_feedback_only,3,0.0008731395627061526,0.0030633602291345596
2007,high_e_high_n,supportive_minus_feedback_only,3,0.000907140721877416,0.003154285252094269
2007,high_e_low_n,supportive_minus_feedback_only,3,0.000892863484720389,0.003019536379724741
2007,low_e_high_n,supportive_minus_feedback_only,3,0.0009113247506320478,0.0032727724562088647
2007,low_e_low_n,supportive_minus_feedback_only,3,0.0008731395627061526,0.0030633602291345596
2008,high_e_high_n,supportive_minus_feedback_only,3,0.0004876400964955489,0.0015696814904610317
2008,high_e_low_n,supportive_minus_feedback_only,3,0.0004768599445621174,0.0008992565174897512
2008,low_e_high_n,supportive_minus_feedback_only,3,0.0004507467771569888,0.0021148379892110825
2008,low_e_low_n,supportive_minus_feedback_only,3,0.0004549724670747915,0.0026518950859705606
2009,high_e_high_n,supportive_minus_feedback_only,3,0.0011909490451216696,0.0045733268683155375
2009,high_e_low_n,supportive_minus_feedback_only,3,0.001248781941831112,0.004799128665278356
2009,low_e_high_n,supportive_minus_feedback_only,3,0.0010740795793632667,0.00408654659986496
2009,low_e_low_n,supportive_minus_feedback_only,3,0.0010934296995401382,0.004164810913304488
2010,high_e_high_n,supportive_minus_feedback_only,3,-7.867583384116479e-05,-0.0017326961581905682
2010,high_e_low_n,supportive_minus_feedback_only,3,-0.0005079151752094428,-0.003923250827938318
2010,low_e_high_n,supportive_minus_feedback_only,3,0.0009113247506320478,0.0032727724562088647
2010,low_e_low_n,supportive_minus_feedback_only,3,0.0008731395627061526,0.0030633602291345596
