run_id,seed,arm,persona_id,quadrant,template,slope,r5_minus_r1
persona.high_e_high_n.seed-2001.feedback_only,2001,feedback_only,persona.high_e_high_n,high_e_high_n,v1,0.0020077659748494623,0.011664997786283493
persona.high_e_high_n.seed-2001.supportive,2001,supportive,persona.high_e_high_n,high_e_high_n,v1,0.002834970084950328,0.014520272379741073
persona.high_e_high_n.seed-2001.neutral,2001,neutral,persona.high_e_high_n,high_e_high_n,v1,0.0019083190243691206,0.011337509145960212
persona.high_e_high_n.seed-2002.feedback_only,2002,feedback_only,persona.high_e_high_n,high_e_high_n,v1,0.0005388973280787468,0.006378399208188057
persona.high_e_high_n.seed-2002.supportive,2002,supportive,persona.high_e_high_n,high_e_high_n,v1,0.0018749434500932693,0.011228909250348806
persona.high_e_high_n.seed-2002.neutral,2002,neutral,persona.high_e_high_n,high_e_high_n,v1,0.0011089635081589222,0.009416535496711731
persona.high_e_high_n.seed-2003.feedback_only,2003,feedback_only,persona.high_e_high_n,high_e_high_n,v1,0.0034046230837702753,0.015549272764474154
persona.high_e_high_n.seed-2003.supportive,2003,supportive,persona.high_e_high_n,high_e_high_n,v1,0.003684550290927291,0.016575514106079936
persona.high_e_high_n.seed-2003.neutral,2003,neutral,persona.high_e_high_n,high_e_high_n,v1,0.002457965863868594,0.012734846910461783
persona.high_e_high_n.seed-2004.feedback_only,2004,feedback_only,persona.high_e_high_n,high_e_high_n,v1,0.003776142094284296,0.015014460776001215
persona.high_e_high_n.seed-2004.supportive,2004,supportive,persona.high_e_high_n,high_e_high_n,v1,0.004329603211954236,0.018914866028353572
persona.high_e_high_n.seed-2004.neutral,2004,neutral,persona.high_e_high_n,high_e_high_n,v1,0.003222318319603801,0.014962647808715701
persona.high_e_high_n.seed-2005.feedback_only,2005,feedback_only,persona.high_e_high_n,high_e_high_n,v1,-0.00015833289362490177,-0.00021489732898771763
persona.high_e_high_n.seed-2005.supportive,2005,supportive,persona.high_e_high_n,high_e_high_n,v1,0.002177046611905098,0.014273083303123713
persona.high_e_high_n.seed-2005.neutral,2005,neutral,persona.high_e_high_n,high_e_high_n,v1,0.0011251082178205252,0.005819284124299884
persona.high_e_high_n.seed-2006.feedback_only,2006,feedback_only,persona.high_e_high_n,high_e_high_n,v1,0.0020077659748494623,0.011664997786283493
persona.high_e_high_n.seed-2006.supportive,2006,supportive,persona.high_e_high_n,high_e_high_n,v1,0.002834970084950328,0.014520272379741073
persona.high_e_high_n.seed-2006.neutral,2006,neutral,persona.high_e_high_n,high_e_high_n,v1,0.0019083190243691206,0.011337509145960212
persona.high_e_high_n.seed-2007.feedback_only,2007,feedback_only,persona.high_e_high_n,high_e_high_n,v1,0.0020077659748494623,0.011664997786283493
persona.high_e_high_n.seed-2007.supportive,2007,supportive,persona.high_e_high_n,high_e_high_n,v1,0.002949863253161311,0.014893110608682036
persona.high_e_high_n.seed-2007.neutral,2007,neutral,persona.high_e_high_n,high_e_high_n,v1,0.002075152425095439,0.011848019203171134
persona.high_e_high_n.seed-2008.feedback_only,2008,feedback_only,persona.high_e_high_n,high_e_high_n,v1,0.001621692068874836,0.00959011074155569
persona.high_e_high_n.seed-2008.supportive,2008,supportive,persona.high_e_high_n,high_e_high_n,v1,0.001977302599698305,0.010636527556926012
persona.high_e_high_n.seed-2008.neutral,2008,neutral,persona.high_e_high_n,high_e_high_n,v1,0.00242190258577466,0.012742128223180771
persona.high_e_high_n.seed-2009.feedback_only,2009,feedback_only,persona.high_e_high_n,high_e_high_n,v1,0.0010909237898886204,0.007080786861479282
persona.high_e_high_n.seed-2009.supportive,2009,supportive,persona.high_e_high_n,high_e_high_n,v1,0.0023625339847058056,0.01195646426640451
persona.high_e_high_n.seed-2009.neutral,2009,neutral,persona.high_e_high_n,high_e_high_n,v1,0.0011772667523473502,0.007682247785851359
persona.high_e_high_n.seed-2010.feedback_only,2010,feedback_only,persona.high_e_high_n,high_e_high_n,v1,0.0020077659748494623,0.011664997786283493
persona.high_e_high_n.seed-2010.supportive,2010,supportive,persona.high_e_high_n,high_e_high_n,v1,0.001458634389564395,0.007486108457669616
persona.high_e_high_n.seed-2010.neutral,2010,neutral,persona.high_e_high_n,high_e_high_n,v1,0.0019083190243691206,0.011337509145960212
persona.high_e_high_n.v2.seed-2001.feedback_only,2001,feedback_only,persona.high_e_high_n.v2,high_e_high_n,v2,0.0017612015828490258,0.010580443777143955
persona.high_e_high_n.v2.seed-2001.supportive,2001,supportive,persona.high_e_high_n.v2,high_e_high_n,v2,0.002533701015636325,0.01311770942993462
persona.high_e_high_n.v2.seed-2001.neutral,2001,neutral,persona.high_e_high_n.v2,high_e_high_n,v2,0.0015651301480829715,0.009822337422519922
persona.high_e_high_n.v2.seed-2002.feedback_only,2002,feedback_only,persona.high_e_high_n.v2,high_e_high_n,v2,0.0002947293221950531,0.005034848116338253
persona.high_e_high_n.v2.seed-2002.supportive,2002,supportive,persona.high_e_high_n.v2,high_e_high_n,v2,0.0016981088556349277,0.010295270010828972
persona.high_e_high_n.v2.seed-2002.neutral,2002,neutral,persona.high_e_high_n.v2,high_e_high_n,v2,0.0008087905123829841,0.00795008521527052
persona.high_e_high_n.v2.seed-2003.feedback_only,2003,feedback_only,persona.high_e_high_n.v2,high_e_high_n,v2,0.003116217255592346,0.014342234935611486
persona.high_e_high_n.v2.seed-2003.supportive,2003,supportive,persona.high_e_high_n.v2,high_e_high_n,v2,0.003528923541307449,0.01584949716925621
persona.high_e_high_n.v2.seed-2003.neutral,2003,neutral,persona.high_e_high_n.v2,high_e_high_n,v2,0.0022249430418014525,0.011683156248182058
persona.high_e_high_n.v2.seed-2004.feedback_only,2004,feedback_only,persona.high_e_high_n.v2,high_e_high_n,v2,0.0037742202170193196,0.014539565425366163
persona.high_e_high_n.v2.seed-2004.supportive,2004,supportive,persona.high_e_high_n.v2,high_e_high_n,v2,0.003993162233382463,0.01750755123794079
persona.high_e_high_n.v2.seed-2004.neutral,2004,neutral,persona.high_e_high_n.v2,high_e_high_n,v2,0.002888019662350416,0.013592589180916548
persona.high_e_high_n.v2.seed-2005.feedback_only,2005,feedback_only,persona.high_e_high_n.v2,high_e_high_n,v2,-0.001553286099806428,-0.0053028755355626345
persona.high_e_high_n.v2.seed-2005.supportive,2005,supportive,persona.high_e_high_n.v2,high_e_high_n,v2,0.0006824016571044921,0.008665399625897408
persona.high_e_high_n.v2.seed-2005.neutral,2005,neutral,persona.high_e_high_n.v2,high_e_high_n,v2,0.0002770237158983946,0.005629974417388439
persona.high_e_high_n.v2.seed-2006.feedback_only,2006,feedback_only,persona.high_e_high_n.v2,high_e_high_n,v2,0.0017612015828490258,0.010580443777143955
persona.high_e_high_n.v2.seed-2006.supportive,2006,supportive,persona.high_e_high_n.v2,high_e_high_n,v2,0.002533701015636325,0.01311770942993462
persona.high_e_high_n.v2.seed-2006.neutral,2006,neutral,persona.high_e_high_n.v2,high_e_high_n,v2,0.0015651301480829715,0.009822337422519922
persona.high_e_high_n.v2.seed-2007.feedback_only,2007,feedback_only,persona.high_e_high_n.v2,high_e_high_n,v2,0.0017612015828490258,0.010580443777143955
persona.high_e_high_n.v2.seed-2007.supportive,2007,supportive,persona.high_e_high_n.v2,high_e_high_n,v2,0.0026587747503072023,0.01358826388604939
persona.high_e_high_n.v2.seed-2007.neutral,2007,neutral,persona.high_e_high_n.v2,high_e_high_n,v2,0.0010113654658198356,0.007192383985966444
persona.high_e_high_n.v2.seed-2008.feedback_only,2008,feedback_only,persona.high_e_high_n.v2,high_e_high_n,v2,0.0012742984108626842,0.008057642728090286
persona.high_e_high_n.v2.seed-2008.supportive,2008,supportive,persona.high_e_high_n.v2,high_e_high_n,v2,0.0014998564496636392,0.008493347559124231
persona.high_e_high_n.v2.seed-2008.neutral,2008,neutral,persona.high_e_high_n.v2,high_e_high_n,v2,0.0020043212920427323,0.010862593539059162
persona.high_e_high_n.v2.seed-2009.feedback_only,2009,feedback_only,persona.high_e_high_n.v2,high_e_high_n,v2,0.000888240896165371,0.006215640343725681
persona.high_e_high_n.v2.seed-2009.supportive,2009,supportive,persona.high_e_high_n.v2,high_e_high_n,v2,0.0020716662053018807,0.010652721161022782
persona.high_e_high_n.v2.seed-2009.neutral,2009,neutral,persona.high_e_high_n.v2,high_e_high_n,v2,0.0010113654658198356,0.007192383985966444
persona.high_e_high_n.v2.seed-2010.feedback_only,2010,feedback_only,persona.high_e_high_n.v2,high_e_high_n,v2,0.0017612015828490258,0.010580443777143955
persona.high_e_high_n.v2.seed-2010.supportive,2010,supportive,persona.high_e_high_n.v2,high_e_high_n,v2,0.001192553946748376,0.006334321806207299
persona.high_e_high_n.v2.seed-2010.neutral,2010,neutral,persona.high_e_high_n.v2,high_e_high_n,v2,0.00027623986825346946,0.003313735593110323
persona.high_e_high_n.v3.seed-2001.feedback_only,2001,feedback_only,persona.high_e_high_n.v3,high_e_high_n,v3,0.001915242988616228,0.011078668758273125
persona.high_e_high_n.v3.seed-2001.supportive,2001,supportive,persona.high_e_high_n.v3,high_e_high_n,v3,0.002796994708478451,0.014305591583251953
persona.high_e_high_n.v3.seed-2001.neutral,2001,neutral,persona.high_e_high_n.v3,high_e_high_n,v3,0.0018123590387403965,0.010750761721283197
persona.high_e_high_n.v3.seed-2002.feedback_only,2002,feedback_only,persona.high_e_high_n.v3,high_e_high_n,v3,0.0004893452860414982,0.0058579836040735245
persona.high_e_high_n.v3.seed-2002.supportive,2002,supportive,persona.high_e_high_n.v3,high_e_high_n,v3,0.001861548889428377,0.011042216792702675
persona.high_e_high_n.v3.seed-2002.neutral,2002,neutral,persona.high_e_high_n.v3,high_e_high_n,v3,0.0013578481040894986,0.00970641802996397
persona.high_e_high_n.v3.seed-2003.feedback_only,2003,feedback_only,persona.high_e_high_n.v3,high_e_high_n,v3,0.001915242988616228,0.011078668758273125
persona.high_e_high_n.v3.seed-2003.supportive,2003,supportive,persona.high_e_high_n.v3,high_e_high_n,v3,0.002796994708478451,0.014305591583251953
persona.high_e_high_n.v3.seed-2003.neutral,2003,neutral,persona.high_e_high_n.v3,high_e_high_n,v3,0.0018123590387403965,0.010750761721283197
persona.high_e_high_n.v3.seed-2004.feedback_only,2004,feedback_only,persona.high_e_high_n.v3,high_e_high_n,v3,0.004035607911646366,0.015372407156974077
persona.high_e_high_n.v3.seed-2004.supportive,2004,supportive,persona.high_e_high_n.v3,high_e_high_n,v3,0.004348626965656877,0.018781723687425256
persona.high_e_high_n.v3.seed-2004.neutral,2004,neutral,persona.high_e_high_n.v3,high_e_high_n,v3,0.0031796838622540234,0.014401899883523583
persona.high_e_high_n.v3.seed-2005.feedback_only,2005,feedback_only,persona.high_e_high_n.v3,high_e_high_n,v3,-0.00028770775534212587,-0.000597251346334815
persona.high_e_high_n.v3.seed-2005.supportive,2005,supportive,persona.high_e_high_n.v3,high_e_high_n,v3,0.0020374871673993766,0.013742087816353887
persona.high_e_high_n.v3.seed-2005.neutral,2005,neutral,persona.high_e_high_n.v3,high_e_high_n,v3,0.0011192369333002717,0.005991746234940365
persona.high_e_high_n.v3.seed-2006.feedback_only,2006,feedback_only,persona.high_e_high_n.v3,high_e_high_n,v3,0.001915242988616228,0.011078668758273125
persona.high_e_high_n.v3.seed-2006.supportive,2006,supportive,persona.high_e_high_n.v3,high_e_high_n,v3,0.002796994708478451,0.014305591583251953
persona.high_e_high_n.v3.seed-2006.neutral,2006,neutral,persona.high_e_high_n.v3,high_e_high_n,v3,0.0018123590387403965,0.010750761721283197
persona.high_e_high_n.v3.seed-2007.feedback_only,2007,feedback_only,persona.high_e_high_n.v3,high_e_high_n,v3,0.001915242988616228,0.011078668758273125
persona.high_e_high_n.v3.seed-2007.supportive,2007,supportive,persona.high_e_high_n.v3,high_e_high_n,v3,0.002796994708478451,0.014305591583251953
persona.high_e_high_n.v3.seed-2007.neutral,2007,neutral,persona.high_e_high_n.v3,high_e_high_n,v3,0.0018123590387403965,0.010750761721283197
persona.high_e_high_n.v3.seed-2008.feedback_only,2008,feedback_only,persona.high_e_high_n.v3,high_e_high_n,v3,0.001915242988616228,0.011078668758273125
persona.high_e_high_n.v3.seed-2008.supportive,2008,supportive,persona.high_e_high_n.v3,high_e_high_n,v3,0.002796994708478451,0.014305591583251953
persona.high_e_high_n.v3.seed-2008.neutral,2008,neutral,persona.high_e_high_n.v3,high_e_high_n,v3,0.0018123590387403965,0.010750761721283197
persona.high_e_high_n.v3.seed-2009.feedback_only,2009,feedback_only,persona.high_e_high_n.v3,high_e_high_n,v3,0.0011118839494884015,0.007061873562633991
persona.high_e_high_n.v3.seed-2009.supportive,2009,supportive,persona.high_e_high_n.v3,high_e_high_n,v3,0.0022296955808997153,0.011469095945358276
persona.high_e_high_n.v3.seed-2009.neutral,2009,neutral,persona.high_e_high_n.v3,high_e_high_n,v3,0.0011850702576339245,0.007614317815750837
persona.high_e_high_n.v3.seed-2010.feedback_only,2010,feedback_only,persona.high_e_high_n.v3,high_e_high_n,v3,0.001915242988616228,0.011078668758273125
persona.high_e_high_n.v3.seed-2010.supportive,2010,supportive,persona.high_e_high_n.v3,high_e_high_n,v3,0.002796994708478451,0.014305591583251953
persona.high_e_high_n.v3.seed-2010.neutral,2010,neutral,persona.high_e_high_n.v3,high_e_high_n,v3,0.0018123590387403965,0.010750761721283197
persona.high_e_low_n.seed-2001.feedback_only,2001,feedback_only,persona.high_e_low_n,high_e_low_n,v1,0.002110546175390482,0.012168210931122303
persona.high_e_low_n.seed-2001.supportive,2001,supportive,persona.high_e_low_n,high_e_low_n,v1,0.002914089849218726,0.014961207984015346
persona.high_e_low_n.seed-2001.neutral,2001,neutral,persona.high_e_low_n,high_e_low_n,v1,0.001978648966178298,0.011631745146587491
persona.high_e_low_n.seed-2002.feedback_only,2002,feedback_only,persona.high_e_low_n,high_e_low_n,v1,0.0005787686444818973,0.0066507477313280106
persona.high_e_low_n.seed-2002.supportive,2002,supportive,persona.high_e_low_n,high_e_low_n,v1,0.001854044944047928,0.011297695804387331
persona.high_e_low_n.seed-2002.neutral,2002,neutral,persona.high_e_low_n,high_e_low_n,v1,0.001033766008913517,0.009101520292460918
persona.high_e_low_n.seed-2003.feedback_only,2003,feedback_only,persona.high_e_low_n,high_e_low_n,v1,0.002110546175390482,0.012168210931122303
persona.high_e_low_n.seed-2003.supportive,2003,supportive,persona.high_e_low_n,high_e_low_n,v1,0.002914089849218726,0.014961207984015346
persona.high_e_low_n.seed-2003.neutral,2003,neutral,persona.high_e_low_n,high_e_low_n,v1,0.001978648966178298,0.011631745146587491
persona.high_e_low_n.seed-2004.feedback_only,2004,feedback_only,persona.high_e_low_n,high_e_low_n,v1,0.0037447128444910048,0.014826508238911629
persona.high_e_low_n.seed-2004.supportive,2004,supportive,persona.high_e_low_n,high_e_low_n,v1,0.004343311535194516,0.01904202322475612
persona.high_e_low_n.seed-2004.neutral,2004,neutral,persona.high_e_low_n,high_e_low_n,v1,0.0032858944498002527,0.015211894176900387
persona.high_e_low_n.seed-2005.feedback_only,2005,feedback_only,persona.high_e_low_n,high_e_low_n,v1,-0.00012006131000816823,3.387429751455784e-05
persona.high_e_low_n.seed-2005.supportive,2005,supportive,persona.high_e_low_n,high_e_low_n,v1,0.0021802062750793994,0.014275786292273551
persona.high_e_low_n.seed-2005.neutral,2005,neutral,persona.high_e_low_n,high_e_low_n,v1,0.0011565035209059715,0.006022491492331028
persona.high_e_low_n.seed-2006.feedback_only,2006,feedback_only,persona.high_e_low_n,high_e_low_n,v1,0.002110546175390482,0.012168210931122303
persona.high_e_low_n.seed-2006.supportive,2006,supportive,persona.high_e_low_n,high_e_low_n,v1,0.002914089849218726,0.014961207984015346
persona.high_e_low_n.seed-2006.neutral,2006,neutral,persona.high_e_low_n,high_e_low_n,v1,0.001978648966178298,0.011631745146587491
persona.high_e_low_n.seed-2007.feedback_only,2007,feedback_only,persona.high_e_low_n,high_e_low_n,v1,0.002110546175390482,0.012168210931122303
persona.high_e_low_n.seed-2007.supportive,2007,supportive,persona.high_e_low_n,high_e_low_n,v1,0.0030122370924800636,0.015218120766803622
persona.high_e_low_n.seed-2007.neutral,2007,neutral,persona.high_e_low_n,high_e_low_n,v1,0.0019119102042168378,0.011402433039620519
persona.high_e_low_n.seed-2008.feedback_only,2008,feedback_only,persona.high_e_low_n,high_e_low_n,v1,0.0017226472496986388,0.010112128220498562
persona.high_e_low_n.seed-2008.supportive,2008,supportive,persona.high_e_low_n,high_e_low_n,v1,0.0018455220386385917,0.010125531814992428
persona.high_e_low_n.seed-2008.neutral,2008,neutral,persona.high_e_low_n,high_e_low_n,v1,0.0028244375716894865,0.014680876163765788
persona.high_e_low_n.seed-2009.feedback_only,2009,feedback_only,persona.high_e_low_n,high_e_low_n,v1,0.0011882196180522443,0.007556578144431114
persona.high_e_low_n.seed-2009.supportive,2009,supportive,persona.high_e_low_n,high_e_low_n,v1,0.0024441428016871215,0.012377649312838912
persona.high_e_low_n.seed-2009.neutral,2009,neutral,persona.high_e_low_n,high_e_low_n,v1,0.0014165911357849835,0.008925837697461247
persona.high_e_low_n.seed-2010.feedback_only,2010,feedback_only,persona.high_e_low_n,high_e_low_n,v1,0.002110546175390482,0.012168210931122303
persona.high_e_low_n.seed-2010.supportive,2010,supportive,persona.high_e_low_n,high_e_low_n,v1,0.0015368964057415723,0.007972899591550231
persona.high_e_low_n.seed-2010.neutral,2010,neutral,persona.high_e_low_n,high_e_low_n,v1,0.0006464005913585424,0.004921904066577554
persona.high_e_low_n.v2.seed-2001.feedback_only,2001,feedback_only,persona.high_e_low_n.v2,high_e_low_n,v2,0.0018030979670584201,0.010834372136741877
persona.high_e_low_n.v2.seed-2001.supportive,2001,supportive,persona.high_e_low_n.v2,high_e_low_n,v2,0.0026418428402394055,0.013597013195976615
persona.high_e_low_n.v2.seed-2001.neutral,2001,neutral,persona.high_e_low_n.v2,high_e_low_n,v2,0.0016941315960139036,0.01042318088002503
persona.high_e_low_n.v2.seed-2002.feedback_only,2002,feedback_only,persona.high_e_low_n.v2,high_e_low_n,v2,0.00031815404072403907,0.0053819711320102215
persona.high_e_low_n.v2.seed-2002.supportive,2002,supportive,persona.high_e_low_n.v2,high_e_low_n,v2,0.0017506133764982224,0.010493090841919184
persona.high_e_low_n.v2.seed-2002.neutral,2002,neutral,persona.high_e_low_n.v2,high_e_low_n,v2,0.0008652568329125642,0.008228878024965525
persona.high_e_low_n.v2.seed-2003.feedback_only,2003,feedback_only,persona.high_e_low_n.v2,high_e_low_n,v2,0.0018030979670584201,0.010834372136741877
persona.high_e_low_n.v2.seed-2003.supportive,2003,supportive,persona.high_e_low_n.v2,high_e_low_n,v2,0.0026418428402394055,0.013597013195976615
persona.high_e_low_n.v2.seed-2003.neutral,2003,neutral,persona.high_e_low_n.v2,high_e_low_n,v2,0.0016941315960139036,0.01042318088002503
persona.high_e_low_n.v2.seed-2004.feedback_only,2004,feedback_only,persona.high_e_low_n.v2,high_e_low_n,v2,0.0038564126938581468,0.014989445451647043
persona.high_e_low_n.v2.seed-2004.supportive,2004,supportive,persona.high_e_low_n.v2,high_e_low_n,v2,0.004059540224261582,0.01782243384514004
persona.high_e_low_n.v2.seed-2004.neutral,2004,neutral,persona.high_e_low_n.v2,high_e_low_n,v2,0.003001197031699121,0.014014618354849517
persona.high_e_low_n.v2.seed-2005.feedback_only,2005,feedback_only,persona.high_e_low_n.v2,high_e_low_n,v2,-0.001464446447789669,-0.004861342720687389
persona.high_e_low_n.v2.seed-2005.supportive,2005,supportive,persona.high_e_low_n.v2,high_e_low_n,v2,0.0006875132210552692,0.00859910435974598
persona.high_e_low_n.v2.seed-2005.neutral,2005,neutral,persona.high_e_low_n.v2,high_e_low_n,v2,0.0003458461258560419,0.006021029781550169
persona.high_e_low_n.v2.seed-2006.feedback_only,2006,feedback_only,persona.high_e_low_n.v2,high_e_low_n,v2,0.0018030979670584201,0.010834372136741877
persona.high_e_low_n.v2.seed-2006.supportive,2006,supportive,persona.high_e_low_n.v2,high_e_low_n,v2,0.0026418428402394055,0.013597013195976615
persona.high_e_low_n.v2.seed-2006.neutral,2006,neutral,persona.high_e_low_n.v2,high_e_low_n,v2,0.0016941315960139036,0.01042318088002503
persona.high_e_low_n.v2.seed-2007.feedback_only,2007,feedback_only,persona.high_e_low_n.v2,high_e_low_n,v2,0.0018030979670584201,0.010834372136741877
persona.high_e_low_n.v2.seed-2007.supportive,2007,supportive,persona.high_e_low_n.v2,high_e_low_n,v2,0.0027351258788257836,0.013897977536544204
persona.high_e_low_n.v2.seed-2007.neutral,2007,neutral,persona.high_e_low_n.v2,high_e_low_n,v2,0.0016084801871329546,0.010108988964930177
persona.high_e_low_n.v2.seed-2008.feedback_only,2008,feedback_only,persona.high_e_low_n.v2,high_e_low_n,v2,0.0013407155871391296,0.008430582005530596
persona.high_e_low_n.v2.seed-2008.supportive,2008,supportive,persona.high_e_low_n.v2,high_e_low_n,v2,0.0018232900649309159,0.008149184286594391
persona.high_e_low_n.v2.seed-2008.neutral,2008,neutral,persona.high_e_low_n.v2,high_e_low_n,v2,0.0020715201273560522,0.011255540419369936
persona.high_e_low_n.v2.seed-2009.feedback_only,2009,feedback_only,persona.high_e_low_n.v2,high_e_low_n,v2,0.0009265103377401829,0.00645143399015069
persona.high_e_low_n.v2.seed-2009.supportive,2009,supportive,persona.high_e_low_n.v2,high_e_low_n,v2,0.002153753349557519,0.01099111489020288
persona.high_e_low_n.v2.seed-2009.neutral,2009,neutral,persona.high_e_low_n.v2,high_e_low_n,v2,0.0011472728569060565,0.007802952313795686
persona.high_e_low_n.v2.seed-2010.feedback_only,2010,feedback_only,persona.high_e_low_n.v2,high_e_low_n,v2,0.0018030979670584201,0.010834372136741877
persona.high_e_low_n.v2.seed-2010.supportive,2010,supportive,persona.high_e_low_n.v2,high_e_low_n,v2,0.0013293904718011617,0.006892125820741057
persona.high_e_low_n.v2.seed-2010.neutral,2010,neutral,persona.high_e_low_n.v2,high_e_low_n,v2,0.0004151823464781046,0.0038824945222586393
persona.high_e_low_n.v3.seed-2001.feedback_only,2001,feedback_only,persona.high_e_low_n.v3,high_e_low_n,v3,0.0021068569272756576,0.011929612141102552
persona.high_e_low_n.v3.seed-2001.supportive,2001,supportive,persona.high_e_low_n.v3,high_e_low_n,v3,0.0029319874942302705,0.014895375818014145
persona.high_e_low_n.v3.seed-2001.neutral,2001,neutral,persona.high_e_low_n.v3,high_e_low_n,v3,0.0019078696146607398,0.011215704958885908
persona.high_e_low_n.v3.seed-2002.feedback_only,2002,feedback_only,persona.high_e_low_n.v3,high_e_low_n,v3,0.0006325521506369113,0.006634583696722984
persona.high_e_low_n.v3.seed-2002.supportive,2002,supportive,persona.high_e_low_n.v3,high_e_low_n,v3,0.0019398467615246774,0.011320882011204958
persona.high_e_low_n.v3.seed-2002.neutral,2002,neutral,persona.high_e_low_n.v3,high_e_low_n,v3,0.0010454211384057998,0.008634930476546288
persona.high_e_low_n.v3.seed-2003.feedback_only,2003,feedback_only,persona.high_e_low_n.v3,high_e_low_n,v3,0.0021068569272756576,0.011929612141102552
persona.high_e_low_n.v3.seed-2003.supportive,2003,supportive,persona.high_e_low_n.v3,high_e_low_n,v3,0.0029319874942302705,0.014895375818014145
persona.high_e_low_n.v3.seed-2003.neutral,2003,neutral,persona.high_e_low_n.v3,high_e_low_n,v3,0.0019078696146607398,0.011215704958885908
persona.high_e_low_n.v3.seed-2004.feedback_only,2004,feedback_only,persona.high_e_low_n.v3,high_e_low_n,v3,0.0041486467234790325,0.015822184272110462
persona.high_e_low_n.v3.seed-2004.supportive,2004,supportive,persona.high_e_low_n.v3,high_e_low_n,v3,0.004427129868417978,0.01904222508892417
persona.high_e_low_n.v3.seed-2004.neutral,2004,neutral,persona.high_e_low_n.v3,high_e_low_n,v3,0.0032411871943622828,0.014766515931114554
persona.high_e_low_n.v3.seed-2005.feedback_only,2005,feedback_only,persona.high_e_low_n.v3,high_e_low_n,v3,-0.00019701630808413028,-0.00017260736785829067
persona.high_e_low_n.v3.seed-2005.supportive,2005,supportive,persona.high_e_low_n.v3,high_e_low_n,v3,0.00209179817175027,0.013909256478655152
persona.high_e_low_n.v3.seed-2005.neutral,2005,neutral,persona.high_e_low_n.v3,high_e_low_n,v3,0.001208019137266092,0.006353179793222807
persona.high_e_low_n.v3.seed-2006.feedback_only,2006,feedback_only,persona.high_e_low_n.v3,high_e_low_n,v3,0.0021068569272756576,0.011929612141102552
persona.high_e_low_n.v3.seed-2006.supportive,2006,supportive,persona.high_e_low_n.v3,high_e_low_n,v3,0.0029319874942302705,0.014895375818014145
persona.high_e_low_n.v3.seed-2006.neutral,2006,neutral,persona.high_e_low_n.v3,high_e_low_n,v3,0.0019078696146607398,0.011215704958885908
persona.high_e_low_n.v3.seed-2007.feedback_only,2007,feedback_only,persona.high_e_low_n.v3,high_e_low_n,v3,0.0021068569272756576,0.011929612141102552
persona.high_e_low_n.v3.seed-2007.supportive,2007,supportive,persona.high_e_low_n.v3,high_e_low_n,v3,0.0029517285525798797,0.014874706044793129
persona.high_e_low_n.v3.seed-2007.neutral,2007,neutral,persona.high_e_low_n.v3,high_e_low_n,v3,0.0018244985491037368,0.010920363944023848
persona.high_e_low_n.v3.seed-2008.feedback_only,2008,feedback_only,persona.high_e_low_n.v3,high_e_low_n,v3,0.0021068569272756576,0.011929612141102552
persona.high_e_low_n.v3.seed-2008.supportive,2008,supportive,persona.high_e_low_n.v3,high_e_low_n,v3,0.0029319874942302705,0.014895375818014145
persona.high_e_low_n.v3.seed-2008.neutral,2008,neutral,persona.high_e_low_n.v3,high_e_low_n,v3,0.0019078696146607398,0.011215704958885908
persona.high_e_low_n.v3.seed-2009.feedback_only,2009,feedback_only,persona.high_e_low_n.v3,high_e_low_n,v3,0.0012118708342313766,0.007454681675881147
persona.high_e_low_n.v3.seed-2009.supportive,2009,supportive,persona.high_e_low_n.v3,high_e_low_n,v3,0.0024750504642724993,0.012491315603256226
persona.high_e_low_n.v3.seed-2009.neutral,2009,neutral,persona.high_e_low_n.v3,high_e_low_n,v3,0.0014260398223996163,0.008928070310503244
persona.high_e_low_n.v3.seed-2010.feedback_only,2010,feedback_only,persona.high_e_low_n.v3,high_e_low_n,v3,0.0021068569272756576,0.011929612141102552
persona.high_e_low_n.v3.seed-2010.supportive,2010,supportive,persona.high_e_low_n.v3,high_e_low_n,v3,0.0016304686665534972,0.008297417312860489
persona.high_e_low_n.v3.seed-2010.neutral,2010,neutral,persona.high_e_low_n.v3,high_e_low_n,v3,0.0006665057502686977,0.00495541887357831
persona.low_e_high_n.seed-2001.feedback_only,2001,feedback_only,persona.low_e_high_n,low_e_high_n,v1,0.0016033345833420753,0.010243446566164494
persona.low_e_high_n.seed-2001.supportive,2001,supportive,persona.low_e_high_n,low_e_high_n,v1,0.0024893322959542276,0.013362470082938671
persona.low_e_high_n.seed-2001.neutral,2001,neutral,persona.low_e_high_n,low_e_high_n,v1,0.0015940986573696136,0.01052159909158945
persona.low_e_high_n.seed-2002.feedback_only,2002,feedback_only,persona.low_e_high_n,low_e_high_n,v1,0.00015666568651795387,0.004748500883579254
persona.low_e_high_n.seed-2002.supportive,2002,supportive,persona.low_e_high_n,low_e_high_n,v1,0.001568397507071495,0.007723701186478138
persona.low_e_high_n.seed-2002.neutral,2002,neutral,persona.low_e_high_n,low_e_high_n,v1,0.0007309823296964169,0.008032963145524263
persona.low_e_high_n.seed-2003.feedback_only,2003,feedback_only,persona.low_e_high_n,low_e_high_n,v1,0.002961446065455675,0.013585842680186033
persona.low_e_high_n.seed-2003.supportive,2003,supportive,persona.low_e_high_n,low_e_high_n,v1,0.00337475105188787,0.015199981397017837
persona.low_e_high_n.seed-2003.neutral,2003,neutral,persona.low_e_high_n,low_e_high_n,v1,0.0021843279246240854,0.011820633662864566
persona.low_e_high_n.seed-2004.feedback_only,2004,feedback_only,persona.low_e_high_n,low_e_high_n,v1,0.003593671042472124,0.014087445568293333
persona.low_e_high_n.seed-2004.supportive,2004,supportive,persona.low_e_high_n,low_e_high_n,v1,0.004054194455966354,0.017856303369626403
persona.low_e_high_n.seed-2004.neutral,2004,neutral,persona.low_e_high_n,low_e_high_n,v1,0.002898872317746282,0.013764228438958526
persona.low_e_high_n.seed-2005.feedback_only,2005,feedback_only,persona.low_e_high_n,low_e_high_n,v1,-0.001614837092347443,-0.005586949293501675
persona.low_e_high_n.seed-2005.supportive,2005,supportive,persona.low_e_high_n,low_e_high_n,v1,0.0007328093983232975,0.009011601563543081
persona.low_e_high_n.seed-2005.neutral,2005,neutral,persona.low_e_high_n,low_e_high_n,v1,-0.0003499208018183708,0.0001457775942981243
persona.low_e_high_n.seed-2006.feedback_only,2006,feedback_only,persona.low_e_high_n,low_e_high_n,v1,0.0016033345833420753,0.010243446566164494
persona.low_e_high_n.seed-2006.supportive,2006,supportive,persona.low_e_high_n,low_e_high_n,v1,0.0024893322959542276,0.013362470082938671
persona.low_e_high_n.seed-2006.neutral,2006,neutral,persona.low_e_high_n,low_e_high_n,v1,0.0015940986573696136,0.01052159909158945
persona.low_e_high_n.seed-2007.feedback_only,2007,feedback_only,persona.low_e_high_n,low_e_high_n,v1,0.0016033345833420753,0.010243446566164494
persona.low_e_high_n.seed-2007.supportive,2007,supportive,persona.low_e_high_n,low_e_high_n,v1,0.0024893322959542276,0.013362470082938671
persona.low_e_high_n.seed-2007.neutral,2007,neutral,persona.low_e_high_n,low_e_high_n,v1,0.0015940986573696136,0.01052159909158945
persona.low_e_high_n.seed-2008.feedback_only,2008,feedback_only,persona.low_e_high_n,low_e_high_n,v1,0.0012671984732151031,0.008251733146607876
persona.low_e_high_n.seed-2008.supportive,2008,supportive,persona.low_e_high_n,low_e_high_n,v1,0.001694212667644024,0.009488950483500957
persona.low_e_high_n.seed-2008.neutral,2008,neutral,persona.low_e_high_n,low_e_high_n,v1,0.0020516566932201386,0.011338697746396065
persona.low_e_high_n.seed-2009.feedback_only,2009,feedback_only,persona.low_e_high_n,low_e_high_n,v1,0.0007125420495867729,0.005789483897387981
persona.low_e_high_n.seed-2009.supportive,2009,supportive,persona.low_e_high_n,low_e_high_n,v1,0.0017916282638907432,0.00987394992262125
persona.low_e_high_n.seed-2009.neutral,2009,neutral,persona.low_e_high_n,low_e_high_n,v1,0.000787818431854248,0.006490197964012623
persona.low_e_high_n.seed-2010.feedback_only,2010,feedback_only,persona.low_e_high_n,low_e_high_n,v1,0.0016033345833420753,0.010243446566164494
persona.low_e_high_n.seed-2010.supportive,2010,supportive,persona.low_e_high_n,low_e_high_n,v1,0.0024893322959542276,0.013362470082938671
persona.low_e_high_n.seed-2010.neutral,2010,neutral,persona.low_e_high_n,low_e_high_n,v1,0.0015940986573696136,0.01052159909158945
persona.low_e_high_n.v2.seed-2001.feedback_only,2001,feedback_only,persona.low_e_high_n.v2,low_e_high_n,v2,0.0013453425839543343,0.009004680439829826
persona.low_e_high_n.v2.seed-2001.supportive,2001,supportive,persona.low_e_high_n.v2,low_e_high_n,v2,0.0022371762432157995,0.012208256870508194
persona.low_e_high_n.v2.seed-2001.neutral,2001,neutral,persona.low_e_high_n.v2,low_e_high_n,v2,0.0012248017825186252,0.00877047749236226
persona.low_e_high_n.v2.seed-2002.feedback_only,2002,feedback_only,persona.low_e_high_n.v2,low_e_high_n,v2,-4.7067273408174513e-05,0.0034726792946457863
persona.low_e_high_n.v2.seed-2002.supportive,2002,supportive,persona.low_e_high_n.v2,low_e_high_n,v2,0.0015386953949928285,0.007318437099456787
persona.low_e_high_n.v2.seed-2002.neutral,2002,neutral,persona.low_e_high_n.v2,low_e_high_n,v2,0.0005615878850221634,0.0070824348367750645
persona.low_e_high_n.v2.seed-2003.feedback_only,2003,feedback_only,persona.low_e_high_n.v2,low_e_high_n,v2,0.0013453425839543343,0.009004680439829826
persona.low_e_high_n.v2.seed-2003.supportive,2003,supportive,persona.low_e_high_n.v2,low_e_high_n,v2,0.0022371762432157995,0.012208256870508194
persona.low_e_high_n.v2.seed-2003.neutral,2003,neutral,persona.low_e_high_n.v2,low_e_high_n,v2,0.0012248017825186252,0.00877047749236226
persona.low_e_high_n.v2.seed-2004.feedback_only,2004,feedback_only,persona.low_e_high_n.v2,low_e_high_n,v2,0.003300932701677084,0.012890972197055817
persona.low_e_high_n.v2.seed-2004.supportive,2004,supportive,persona.low_e_high_n.v2,low_e_high_n,v2,0.003795519331470132,0.016840825555846095
persona.low_e_high_n.v2.seed-2004.neutral,2004,neutral,persona.low_e_high_n.v2,low_e_high_n,v2,0.0025915485341101883,0.012564379023388028
persona.low_e_high_n.v2.seed-2005.feedback_only,2005,feedback_only,persona.low_e_high_n.v2,low_e_high_n,v2,-0.00187222333624959,-0.0067350175231695175
persona.low_e_high_n.v2.seed-2005.supportive,2005,supportive,persona.low_e_high_n.v2,low_e_high_n,v2,0.00039689857512712476,0.007580132223665714
persona.low_e_high_n.v2.seed-2005.neutral,2005,neutral,persona.low_e_high_n.v2,low_e_high_n,v2,-3.110617399215698e-07,0.0046212621964514256
persona.low_e_high_n.v2.seed-2006.feedback_only,2006,feedback_only,persona.low_e_high_n.v2,low_e_high_n,v2,0.0013453425839543343,0.009004680439829826
persona.low_e_high_n.v2.seed-2006.supportive,2006,supportive,persona.low_e_high_n.v2,low_e_high_n,v2,0.0022371762432157995,0.012208256870508194
persona.low_e_high_n.v2.seed-2006.neutral,2006,neutral,persona.low_e_high_n.v2,low_e_high_n,v2,0.0012248017825186252,0.00877047749236226
persona.low_e_high_n.v2.seed-2007.feedback_only,2007,feedback_only,persona.low_e_high_n.v2,low_e_high_n,v2,0.0013453425839543343,0.009004680439829826
persona.low_e_high_n.v2.seed-2007.supportive,2007,supportive,persona.low_e_high_n.v2,low_e_high_n,v2,0.0022371762432157995,0.012208256870508194
persona.low_e_high_n.v2.seed-2007.neutral,2007,neutral,persona.low_e_high_n.v2,low_e_high_n,v2,0.0012248017825186252,0.00877047749236226
persona.low_e_high_n.v2.seed-2008.feedback_only,2008,feedback_only,persona.low_e_high_n.v2,low_e_high_n,v2,0.0013453425839543343,0.009004680439829826
persona.low_e_high_n.v2.seed-2008.supportive,2008,supportive,persona.low_e_high_n.v2,low_e_high_n,v2,0.0022371762432157995,0.012208256870508194
persona.low_e_high_n.v2.seed-2008.neutral,2008,neutral,persona.low_e_high_n.v2,low_e_high_n,v2,0.0012248017825186252,0.00877047749236226
persona.low_e_high_n.v2.seed-2009.feedback_only,2009,feedback_only,persona.low_e_high_n.v2,low_e_high_n,v2,0.0005999069660902023,0.005277502350509167
persona.low_e_high_n.v2.seed-2009.supportive,2009,supportive,persona.low_e_high_n.v2,low_e_high_n,v2,0.0016454321332275868,0.009249536320567131
persona.low_e_high_n.v2.seed-2009.neutral,2009,neutral,persona.low_e_high_n.v2,low_e_high_n,v2,0.000572060327976942,0.005506770219653845
persona.low_e_high_n.v2.seed-2010.feedback_only,2010,feedback_only,persona.low_e_high_n.v2,low_e_high_n,v2,0.0013453425839543343,0.009004680439829826
persona.low_e_high_n.v2.seed-2010.supportive,2010,supportive,persona.low_e_high_n.v2,low_e_high_n,v2,0.0022371762432157995,0.012208256870508194
persona.low_e_high_n.v2.seed-2010.neutral,2010,neutral,persona.low_e_high_n.v2,low_e_high_n,v2,0.0012248017825186252,0.00877047749236226
persona.low_e_high_n.v3.seed-2001.feedback_only,2001,feedback_only,persona.low_e_high_n.v3,low_e_high_n,v3,0.0014579197391867637,0.009470534510910511
persona.low_e_high_n.v3.seed-2001.supportive,2001,supportive,persona.low_e_high_n.v3,low_e_high_n,v3,0.0024140626192092896,0.01296625193208456
persona.low_e_high_n.v3.seed-2001.neutral,2001,neutral,persona.low_e_high_n.v3,low_e_high_n,v3,0.0014127301052212714,0.009728136472404003
persona.low_e_high_n.v3.seed-2002.feedback_only,2002,feedback_only,persona.low_e_high_n.v3,low_e_high_n,v3,8.33515077829361e-05,0.004131999798119068
persona.low_e_high_n.v3.seed-2002.supportive,2002,supportive,persona.low_e_high_n.v3,low_e_high_n,v3,0.0014590206556022167,0.009358083829283714
persona.low_e_high_n.v3.seed-2002.neutral,2002,neutral,persona.low_e_high_n.v3,low_e_high_n,v3,0.0007061315700411797,0.007446991745382547
persona.low_e_high_n.v3.seed-2003.feedback_only,2003,feedback_only,persona.low_e_high_n.v3,low_e_high_n,v3,0.002804791182279587,0.012732377275824547
persona.low_e_high_n.v3.seed-2003.supportive,2003,supportive,persona.low_e_high_n.v3,low_e_high_n,v3,0.0034089641645550727,0.01513067726045847
persona.low_e_high_n.v3.seed-2003.neutral,2003,neutral,persona.low_e_high_n.v3,low_e_high_n,v3,0.00206111678853631,0.011068449355661869
persona.low_e_high_n.v3.seed-2004.feedback_only,2004,feedback_only,persona.low_e_high_n.v3,low_e_high_n,v3,0.003493270371109247,0.01353125274181366
persona.low_e_high_n.v3.seed-2004.supportive,2004,supportive,persona.low_e_high_n.v3,low_e_high_n,v3,0.0039665352553129194,0.017239821143448353
persona.low_e_high_n.v3.seed-2004.neutral,2004,neutral,persona.low_e_high_n.v3,low_e_high_n,v3,0.002772460784763098,0.013027927838265896
persona.low_e_high_n.v3.seed-2005.feedback_only,2005,feedback_only,persona.low_e_high_n.v3,low_e_high_n,v3,-0.0007289769127964973,-0.002417523879557848
persona.low_e_high_n.v3.seed-2005.supportive,2005,supportive,persona.low_e_high_n.v3,low_e_high_n,v3,0.0017104124184697867,0.012551010819151998
persona.low_e_high_n.v3.seed-2005.neutral,2005,neutral,persona.low_e_high_n.v3,low_e_high_n,v3,0.0008221134543418884,0.00506376288831234
persona.low_e_high_n.v3.seed-2006.feedback_only,2006,feedback_only,persona.low_e_high_n.v3,low_e_high_n,v3,0.0014579197391867637,0.009470534510910511
persona.low_e_high_n.v3.seed-2006.supportive,2006,supportive,persona.low_e_high_n.v3,low_e_high_n,v3,0.0024140626192092896,0.01296625193208456
persona.low_e_high_n.v3.seed-2006.neutral,2006,neutral,persona.low_e_high_n.v3,low_e_high_n,v3,0.0014127301052212714,0.009728136472404003
persona.low_e_high_n.v3.seed-2007.feedback_only,2007,feedback_only,persona.low_e_high_n.v3,low_e_high_n,v3,0.0014579197391867637,0.009470534510910511
persona.low_e_high_n.v3.seed-2007.supportive,2007,supportive,persona.low_e_high_n.v3,low_e_high_n,v3,0.0024140626192092896,0.01296625193208456
persona.low_e_high_n.v3.seed-2007.neutral,2007,neutral,persona.low_e_high_n.v3,low_e_high_n,v3,0.0014127301052212714,0.009728136472404003
persona.low_e_high_n.v3.seed-2008.feedback_only,2008,feedback_only,persona.low_e_high_n.v3,low_e_high_n,v3,0.0015219110064208508,0.006612957455217838
persona.low_e_high_n.v3.seed-2008.supportive,2008,supportive,persona.low_e_high_n.v3,low_e_high_n,v3,0.0015553034842014312,0.008516677655279636
persona.low_e_high_n.v3.seed-2008.neutral,2008,neutral,persona.low_e_high_n.v3,low_e_high_n,v3,0.001968538761138916,0.01083297235891223
persona.low_e_high_n.v3.seed-2009.feedback_only,2009,feedback_only,persona.low_e_high_n.v3,low_e_high_n,v3,0.0006881771609187126,0.005621821619570255
persona.low_e_high_n.v3.seed-2009.supportive,2009,supportive,persona.low_e_high_n.v3,low_e_high_n,v3,0.0017858045175671577,0.009824961423873901
persona.low_e_high_n.v3.seed-2009.neutral,2009,neutral,persona.low_e_high_n.v3,low_e_high_n,v3,0.0007422612980008125,0.006375792436301708
persona.low_e_high_n.v3.seed-2010.feedback_only,2010,feedback_only,persona.low_e_high_n.v3,low_e_high_n,v3,0.0014579197391867637,0.009470534510910511
persona.low_e_high_n.v3.seed-2010.supportive,2010,supportive,persona.low_e_high_n.v3,low_e_high_n,v3,0.0024140626192092896,0.01296625193208456
persona.low_e_high_n.v3.seed-2010.neutral,2010,neutral,persona.low_e_high_n.v3,low_e_high_n,v3,0.0014127301052212714,0.009728136472404003
persona.low_e_low_n.seed-2001.feedback_only,2001,feedback_only,persona.low_e_low_n,low_e_low_n,v1,0.001787386741489172,0.010992920491844416
persona.low_e_low_n.seed-2001.supportive,2001,supportive,persona.low_e_low_n,low_e_low_n,v1,0.00262218602001667,0.013872992247343063
persona.low_e_low_n.seed-2001.neutral,2001,neutral,persona.low_e_low_n,low_e_low_n,v1,0.0016797421034425498,0.010863907868042588
persona.low_e_low_n.seed-2002.feedback_only,2002,feedback_only,persona.low_e_low_n,low_e_low_n,v1,0.00027581555768847467,0.005442419089376926
persona.low_e_low_n.seed-2002.supportive,2002,supportive,persona.low_e_low_n,low_e_low_n,v1,0.001666578184813261,0.008256723638623953
persona.low_e_low_n.seed-2002.neutral,2002,neutral,persona.low_e_low_n,low_e_low_n,v1,0.0010666721500456333,0.009031942579895258
persona.low_e_low_n.seed-2003.feedback_only,2003,feedback_only,persona.low_e_low_n,low_e_low_n,v1,0.001787386741489172,0.010992920491844416
persona.low_e_low_n.seed-2003.supportive,2003,supportive,persona.low_e_low_n,low_e_low_n,v1,0.00262218602001667,0.013872992247343063
persona.low_e_low_n.seed-2003.neutral,2003,neutral,persona.low_e_low_n,low_e_low_n,v1,0.0016797421034425498,0.010863907868042588
persona.low_e_low_n.seed-2004.feedback_only,2004,feedback_only,persona.low_e_low_n,low_e_low_n,v1,0.003697958122938871,0.014395592734217644
persona.low_e_low_n.seed-2004.supportive,2004,supportive,persona.low_e_low_n,low_e_low_n,v1,0.00412871022708714,0.018067687517032027
persona.low_e_low_n.seed-2004.neutral,2004,neutral,persona.low_e_low_n,low_e_low_n,v1,0.003030656138435006,0.0143179667647928
persona.low_e_low_n.seed-2005.feedback_only,2005,feedback_only,persona.low_e_low_n,low_e_low_n,v1,-0.0014896796084940434,-0.005082204472273588
persona.low_e_low_n.seed-2005.supportive,2005,supportive,persona.low_e_low_n,low_e_low_n,v1,0.0008375446312129497,0.009256064426153898
persona.low_e_low_n.seed-2005.neutral,2005,neutral,persona.low_e_low_n,low_e_low_n,v1,-0.00023559685796499253,0.0004648501053452492
persona.low_e_low_n.seed-2006.feedback_only,2006,feedback_only,persona.low_e_low_n,low_e_low_n,v1,0.001787386741489172,0.010992920491844416
persona.low_e_low_n.seed-2006.supportive,2006,supportive,persona.low_e_low_n,low_e_low_n,v1,0.00262218602001667,0.013872992247343063
persona.low_e_low_n.seed-2006.neutral,2006,neutral,persona.low_e_low_n,low_e_low_n,v1,0.0016797421034425498,0.010863907868042588
persona.low_e_low_n.seed-2007.feedback_only,2007,feedback_only,persona.low_e_low_n,low_e_low_n,v1,0.001787386741489172,0.010992920491844416
persona.low_e_low_n.seed-2007.supportive,2007,supportive,persona.low_e_low_n,low_e_low_n,v1,0.00262218602001667,0.013872992247343063
persona.low_e_low_n.seed-2007.neutral,2007,neutral,persona.low_e_low_n,low_e_low_n,v1,0.0016797421034425498,0.010863907868042588
persona.low_e_low_n.seed-2008.feedback_only,2008,feedback_only,persona.low_e_low_n,low_e_low_n,v1,0.0016807008534669877,0.007420489564538002
persona.low_e_low_n.seed-2008.supportive,2008,supportive,persona.low_e_low_n,low_e_low_n,v1,0.001748540811240673,0.009751875419169664
persona.low_e_low_n.seed-2008.neutral,2008,neutral,persona.low_e_low_n,low_e_low_n,v1,0.00211692713201046,0.011690936051309109
persona.low_e_low_n.seed-2009.feedback_only,2009,feedback_only,persona.low_e_low_n,low_e_low_n,v1,0.000871810782700777,0.006415040697902441
persona.low_e_low_n.seed-2009.supportive,2009,supportive,persona.low_e_low_n,low_e_low_n,v1,0.001950242556631565,0.010513274930417538
persona.low_e_low_n.seed-2009.neutral,2009,neutral,persona.low_e_low_n,low_e_low_n,v1,0.0009367504622787237,0.007148949662223458
persona.low_e_low_n.seed-2010.feedback_only,2010,feedback_only,persona.low_e_low_n,low_e_low_n,v1,0.001787386741489172,0.010992920491844416
persona.low_e_low_n.seed-2010.supportive,2010,supportive,persona.low_e_low_n,low_e_low_n,v1,0.00262218602001667,0.013872992247343063
persona.low_e_low_n.seed-2010.neutral,2010,neutral,persona.low_e_low_n,low_e_low_n,v1,0.0016797421034425498,0.010863907868042588
persona.low_e_low_n.v2.seed-2001.feedback_only,2001,feedback_only,persona.low_e_low_n.v2,low_e_low_n,v2,0.0015586376190185546,0.009912709705531597
persona.low_e_low_n.v2.seed-2001.supportive,2001,supportive,persona.low_e_low_n.v2,low_e_low_n,v2,0.0024409465491771697,0.012938151136040688
persona.low_e_low_n.v2.seed-2001.neutral,2001,neutral,persona.low_e_low_n.v2,low_e_low_n,v2,0.0014854332432150841,0.009942620992660522
persona.low_e_low_n.v2.seed-2002.feedback_only,2002,feedback_only,persona.low_e_low_n.v2,low_e_low_n,v2,0.00012049330398440361,0.004395472817122936
persona.low_e_low_n.v2.seed-2002.supportive,2002,supportive,persona.low_e_low_n.v2,low_e_low_n,v2,0.0016187958419322968,0.007772207260131836
persona.low_e_low_n.v2.seed-2002.neutral,2002,neutral,persona.low_e_low_n.v2,low_e_low_n,v2,0.0006748075596988201,0.007671599742025137
persona.low_e_low_n.v2.seed-2003.feedback_only,2003,feedback_only,persona.low_e_low_n.v2,low_e_low_n,v2,0.0015586376190185546,0.009912709705531597
persona.low_e_low_n.v2.seed-2003.supportive,2003,supportive,persona.low_e_low_n.v2,low_e_low_n,v2,0.0024409465491771697,0.012938151136040688
persona.low_e_low_n.v2.seed-2003.neutral,2003,neutral,persona.low_e_low_n.v2,low_e_low_n,v2,0.0014854332432150841,0.009942620992660522
persona.low_e_low_n.v2.seed-2004.feedback_only,2004,feedback_only,persona.low_e_low_n.v2,low_e_low_n,v2,0.003732673730701208,0.014393607154488564
persona.low_e_low_n.v2.seed-2004.supportive,2004,supportive,persona.low_e_low_n.v2,low_e_low_n,v2,0.003948777122423053,0.017365325009450316
persona.low_e_low_n.v2.seed-2004.neutral,2004,neutral,persona.low_e_low_n.v2,low_e_low_n,v2,0.0028031161054968834,0.013403124175965786
persona.low_e_low_n.v2.seed-2005.feedback_only,2005,feedback_only,persona.low_e_low_n.v2,low_e_low_n,v2,-0.0017506742617115379,-0.006128468434326351
persona.low_e_low_n.v2.seed-2005.supportive,2005,supportive,persona.low_e_low_n.v2,low_e_low_n,v2,0.0005315812304615974,0.008167363703250885
persona.low_e_low_n.v2.seed-2005.neutral,2005,neutral,persona.low_e_low_n.v2,low_e_low_n,v2,0.00018621748313307762,0.005469661671668291
persona.low_e_low_n.v2.seed-2006.feedback_only,2006,feedback_only,persona.low_e_low_n.v2,low_e_low_n,v2,0.0015586376190185546,0.009912709705531597
persona.low_e_low_n.v2.seed-2006.supportive,2006,supportive,persona.low_e_low_n.v2,low_e_low_n,v2,0.0024409465491771697,0.012938151136040688
persona.low_e_low_n.v2.seed-2006.neutral,2006,neutral,persona.low_e_low_n.v2,low_e_low_n,v2,0.0014854332432150841,0.009942620992660522
persona.low_e_low_n.v2.seed-2007.feedback_only,2007,feedback_only,persona.low_e_low_n.v2,low_e_low_n,v2,0.0015586376190185546,0.009912709705531597
persona.low_e_low_n.v2.seed-2007.supportive,2007,supportive,persona.low_e_low_n.v2,low_e_low_n,v2,0.0024409465491771697,0.012938151136040688
persona.low_e_low_n.v2.seed-2007.neutral,2007,neutral,persona.low_e_low_n.v2,low_e_low_n,v2,0.0014854332432150841,0.009942620992660522
persona.low_e_low_n.v2.seed-2008.feedback_only,2008,feedback_only,persona.low_e_low_n.v2,low_e_low_n,v2,0.0015586376190185546,0.009912709705531597
persona.low_e_low_n.v2.seed-2008.supportive,2008,supportive,persona.low_e_low_n.v2,low_e_low_n,v2,0.0024409465491771697,0.012938151136040688
persona.low_e_low_n.v2.seed-2008.neutral,2008,neutral,persona.low_e_low_n.v2,low_e_low_n,v2,0.0014854332432150841,0.009942620992660522
persona.low_e_low_n.v2.seed-2009.feedback_only,2009,feedback_only,persona.low_e_low_n.v2,low_e_low_n,v2,0.0007238093763589859,0.005738568492233753
persona.low_e_low_n.v2.seed-2009.supportive,2009,supportive,persona.low_e_low_n.v2,low_e_low_n,v2,0.0018379336223006248,0.009923086501657963
persona.low_e_low_n.v2.seed-2009.neutral,2009,neutral,persona.low_e_low_n.v2,low_e_low_n,v2,0.0007817944511771202,0.006424427032470703
persona.low_e_low_n.v2.seed-2010.feedback_only,2010,feedback_only,persona.low_e_low_n.v2,low_e_low_n,v2,0.0015586376190185546,0.009912709705531597
persona.low_e_low_n.v2.seed-2010.supportive,2010,supportive,persona.low_e_low_n.v2,low_e_low_n,v2,0.0024409465491771697,0.012938151136040688
persona.low_e_low_n.v2.seed-2010.neutral,2010,neutral,persona.low_e_low_n.v2,low_e_low_n,v2,0.0014854332432150841,0.009942620992660522
persona.low_e_low_n.v3.seed-2001.feedback_only,2001,feedback_only,persona.low_e_low_n.v3,low_e_low_n,v3,0.0016823573969304562,0.010379025246948004
persona.low_e_low_n.v3.seed-2001.supportive,2001,supportive,persona.low_e_low_n.v3,low_e_low_n,v3,0.0025846678763628006,0.013663592748343945
persona.low_e_low_n.v3.seed-2001.neutral,2001,neutral,persona.low_e_low_n.v3,low_e_low_n,v3,0.0015841729007661342,0.010432788636535406
persona.low_e_low_n.v3.seed-2002.feedback_only,2002,feedback_only,persona.low_e_low_n.v3,low_e_low_n,v3,0.00026372736319899557,0.005159527063369751
persona.low_e_low_n.v3.seed-2002.supportive,2002,supportive,persona.low_e_low_n.v3,low_e_low_n,v3,0.001487183663994074,0.009549086913466454
persona.low_e_low_n.v3.seed-2002.neutral,2002,neutral,persona.low_e_low_n.v3,low_e_low_n,v3,0.0011323487386107444,0.009015398100018501
persona.low_e_low_n.v3.seed-2003.feedback_only,2003,feedback_only,persona.low_e_low_n.v3,low_e_low_n,v3,0.0016823573969304562,0.010379025246948004
persona.low_e_low_n.v3.seed-2003.supportive,2003,supportive,persona.low_e_low_n.v3,low_e_low_n,v3,0.0025846678763628006,0.013663592748343945
persona.low_e_low_n.v3.seed-2003.neutral,2003,neutral,persona.low_e_low_n.v3,low_e_low_n,v3,0.0015841729007661342,0.010432788636535406
persona.low_e_low_n.v3.seed-2004.feedback_only,2004,feedback_only,persona.low_e_low_n.v3,low_e_low_n,v3,0.003641839511692524,0.01416789460927248
persona.low_e_low_n.v3.seed-2004.supportive,2004,supportive,persona.low_e_low_n.v3,low_e_low_n,v3,0.004098515631631017,0.017799944849684834
persona.low_e_low_n.v3.seed-2004.neutral,2004,neutral,persona.low_e_low_n.v3,low_e_low_n,v3,0.002922325721010566,0.013680424308404326
persona.low_e_low_n.v3.seed-2005.feedback_only,2005,feedback_only,persona.low_e_low_n.v3,low_e_low_n,v3,-0.0005879978183656931,-0.0018622621428221464
persona.low_e_low_n.v3.seed-2005.supportive,2005,supportive,persona.low_e_low_n.v3,low_e_low_n,v3,0.0012891582911834121,0.007419533445499837
persona.low_e_low_n.v3.seed-2005.neutral,2005,neutral,persona.low_e_low_n.v3,low_e_low_n,v3,0.0010613911086693405,0.005979286623187363
persona.low_e_low_n.v3.seed-2006.feedback_only,2006,feedback_only,persona.low_e_low_n.v3,low_e_low_n,v3,0.0016823573969304562,0.010379025246948004
persona.low_e_low_n.v3.seed-2006.supportive,2006,supportive,persona.low_e_low_n.v3,low_e_low_n,v3,0.0025846678763628006,0.013663592748343945
persona.low_e_low_n.v3.seed-2006.neutral,2006,neutral,persona.low_e_low_n.v3,low_e_low_n,v3,0.0015841729007661342,0.010432788636535406
persona.low_e_low_n.v3.seed-2007.feedback_only,2007,feedback_only,persona.low_e_low_n.v3,low_e_low_n,v3,0.0016823573969304562,0.010379025246948004
persona.low_e_low_n.v3.seed-2007.supportive,2007,supportive,persona.low_e_low_n.v3,low_e_low_n,v3,0.0025846678763628006,0.013663592748343945
persona.low_e_low_n.v3.seed-2007.neutral,2007,neutral,persona.low_e_low_n.v3,low_e_low_n,v3,0.0015841729007661342,0.010432788636535406
persona.low_e_low_n.v3.seed-2008.feedback_only,2008,feedback_only,persona.low_e_low_n.v3,low_e_low_n,v3,0.0013942286372184754,0.00555639062076807
persona.low_e_low_n.v3.seed-2008.supportive,2008,supportive,persona.low_e_low_n.v3,low_e_low_n,v3,0.0018089971505105495,0.008155248593539
persona.low_e_low_n.v3.seed-2008.neutral,2008,neutral,persona.low_e_low_n.v3,low_e_low_n,v3,0.002016897313296795,0.0112203280441463
persona.low_e_low_n.v3.seed-2009.feedback_only,2009,feedback_only,persona.low_e_low_n.v3,low_e_low_n,v3,0.0008228237740695477,0.006081357132643461
persona.low_e_low_n.v3.seed-2009.supportive,2009,supportive,persona.low_e_low_n.v3,low_e_low_n,v3,0.0019105568528175354,0.010293037630617619
persona.low_e_low_n.v3.seed-2009.neutral,2009,neutral,persona.low_e_low_n.v3,low_e_low_n,v3,0.0009090227074921131,0.0070570376701653
persona.low_e_low_n.v3.seed-2010.feedback_only,2010,feedback_only,persona.low_e_low_n.v3,low_e_low_n,v3,0.0016823573969304562,0.010379025246948004
persona.low_e_low_n.v3.seed-2010.supportive,2010,supportive,persona.low_e_low_n.v3,low_e_low_n,v3,0.0025846678763628006,0.013663592748343945
persona.low_e_low_n.v3.seed-2010.neutral,2010,neutral,persona.low_e_low_n.v3,low_e_low_n,v3,0.0015841729007661342,0.010432788636535406
